Workbook

Sheet 61111-0002
A1: Consumer price index: Germany, months
A2: Consumer price index for Germany
A3: Germany
A4: Year Months | C4: Consumer price index | E4: Change on previous year's month | G4: Change on previous month
C5: 2020=100 | E5: in (%) | G5: in (%)
A6: 2000 | B6: January | C6: 75.1 | D6: e | E6: 1.6 | F6: e | G6: 0.3 | H6: e
B7: February | C7: 75.1 | D7: e | E7: 1.5 | F7: e | G7: -
B8: March | C8: 75.1 | D8: e | E8: 1.5 | F8: e | G8: -
B9: April | C9: 75.1 | D9: e | E9: 0.9 | F9: e | G9: -
B10: May | C10: 75.1 | D10: e | E10: 0.9 | F10: e | G10: -
B11: June | C11: 75.4 | D11: e | E11: 1.2 | F11: e | G11: 0.4 | H11: e
B12: July | C12: 75.8 | D12: e | E12: 1.3 | F12: e | G12: 0.5 | H12: e
B13: August | C13: 75.6 | D13: e | E13: 1.1 | F13: e | G13: -0.3 | H13: e
B14: September | C14: 75.8 | D14: e | E14: 1.6 | F14: e | G14: 0.3 | H14: e
B15: October | C15: 75.7 | D15: e | E15: 1.6 | F15: e | G15: -0.1 | H15: e
B16: November | C16: 75.8 | D16: e | E16: 1.5 | F16: e | G16: 0.1 | H16: e
B17: December | C17: 76.4 | D17: e | E17: 2 | F17: e | G17: 0.8 | H17: e
A18: 2001 | B18: January | C18: 76.2 | D18: e | E18: 1.5 | F18: e | G18: -0.3 | H18: e
B19: February | C19: 76.6 | D19: e | E19: 2 | F19: e | G19: 0.5 | H19: e
B20: March | C20: 76.6 | D20: e | E20: 2 | F20: e | G20: -
B21: April | C21: 76.9 | D21: e | E21: 2.4 | F21: e | G21: 0.4 | H21: e
B22: May | C22: 77.2 | D22: e | E22: 2.8 | F22: e | G22: 0.4 | H22: e
B23: June | C23: 77.3 | D23: e | E23: 2.5 | F23: e | G23: 0.1 | H23: e
B24: July | C24: 77.4 | D24: e | E24: 2.1 | F24: e | G24: 0.1 | H24: e
B25: August | C25: 77.2 | D25: e | E25: 2.1 | F25: e | G25: -0.3 | H25: e
B26: September | C26: 77.2 | D26: e | E26: 1.8 | F26: e | G26: -
B27: October | C27: 77.1 | D27: e | E27: 1.8 | F27: e | G27: -0.1 | H27: e
B28: November | C28: 76.9 | D28: e | E28: 1.5 | F28: e | G28: -0.3 | H28: e
B29: December | C29: 77.7 | D29: e | E29: 1.7 | F29: e | G29: 1 | H29: e
A30: 2002 | B30: January | C30: 77.7 | D30: e | E30: 2 | F30: e | G30: -
B31: February | C31: 78 | D31: e | E31: 1.8 | F31: e | G31: 0.4 | H31: e
B32: March | C32: 78.2 | D32: e | E32: 2.1 | F32: e | G32: 0.3 | H32: e
B33: April | C33: 78.1 | D33: e | E33: 1.6 | F33: e | G33: -0.1 | H33: e
B34: May | C34: 78.2 | D34: e | E34: 1.3 | F34: e | G34: 0.1 | H34: e
B35: June | C35: 78.2 | D35: e | E35: 1.2 | F35: e | G35: -
B36: July | C36: 78.3 | D36: e | E36: 1.2 | F36: e | G36: 0.1 | H36: e
B37: August | C37: 78.2 | D37: e | E37: 1.3 | F37: e | G37: -0.1 | H37: e
B38: September | C38: 78.2 | D38: e | E38: 1.3 | F38: e | G38: -
B39: October | C39: 78.1 | D39: e | E39: 1.3 | F39: e | G39: -0.1 | H39: e
B40: November | C40: 77.8 | D40: e | E40: 1.2 | F40: e | G40: -0.4 | H40: e
B41: December | C41: 78.5 | D41: e | E41: 1 | F41: e | G41: 0.9 | H41: e
A42: 2003 | B42: January | C42: 78.5 | D42: e | E42: 1 | F42: e | G42: -
B43: February | C43: 79 | D43: e | E43: 1.3 | F43: e | G43: 0.6 | H43: e
B44: March | C44: 79 | D44: e | E44: 1 | F44: e | G44: -
B45: April | C45: 78.8 | D45: e | E45: 0.9 | F45: e | G45: -0.3 | H45: e
B46: May | C46: 78.6 | D46: e | E46: 0.5 | F46: e | G46: -0.3 | H46: e
B47: June | C47: 78.9 | D47: e | E47: 0.9 | F47: e | G47: 0.4 | H47: e
B48: July | C48: 79 | D48: e | E48: 0.9 | F48: e | G48: 0.1 | H48: e
B49: August | C49: 79 | D49: e | E49: 1 | F49: e | G49: -
B50: September | C50: 79 | D50: e | E50: 1 | F50: e | G50: -
B51: October | C51: 79 | D51: e | E51: 1.2 | F51: e | G51: -
B52: November | C52: 78.8 | D52: e | E52: 1.3 | F52: e | G52: -0.3 | H52: e
B53: December | C53: 79.4 | D53: e | E53: 1.1 | F53: e | G53: 0.8 | H53: e
A54: 2004 | B54: January | C54: 79.4 | D54: e | E54: 1.1 | F54: e | G54: -
B55: February | C55: 79.6 | D55: e | E55: 0.8 | F55: e | G55: 0.3 | H55: e
B56: March | C56: 79.9 | D56: e | E56: 1.1 | F56: e | G56: 0.4 | H56: e
B57: April | C57: 80.1 | D57: e | E57: 1.6 | F57: e | G57: 0.3 | H57: e
B58: May | C58: 80.3 | D58: e | E58: 2.2 | F58: e | G58: 0.2 | H58: e
B59: June | C59: 80.3 | D59: e | E59: 1.8 | F59: e | G59: -
B60: July | C60: 80.4 | D60: e | E60: 1.8 | F60: e | G60: 0.1 | H60: e
B61: August | C61: 80.5 | D61: e | E61: 1.9 | F61: e | G61: 0.1 | H61: e
B62: September | C62: 80.3 | D62: e | E62: 1.6 | F62: e | G62: -0.2 | H62: e
B63: October | C63: 80.4 | D63: e | E63: 1.8 | F63: e | G63: 0.1 | H63: e
B64: November | C64: 80.3 | D64: e | E64: 1.9 | F64: e | G64: -0.1 | H64: e
B65: December | C65: 81.2 | D65: e | E65: 2.3 | F65: e | G65: 1.1 | H65: e
A66: 2005 | B66: January | C66: 80.6 | D66: e | E66: 1.5 | F66: e | G66: -0.7 | H66: e
B67: February | C67: 80.9 | D67: e | E67: 1.6 | F67: e | G67: 0.4 | H67: e
B68: March | C68: 81.3 | D68: e | E68: 1.8 | F68: e | G68: 0.5 | H68: e
B69: April | C69: 81 | D69: e | E69: 1.1 | F69: e | G69: -0.4 | H69: e
B70: May | C70: 81.2 | D70: e | E70: 1.1 | F70: e | G70: 0.2 | H70: e
B71: June | C71: 81.3 | D71: e | E71: 1.2 | F71: e | G71: 0.1 | H71: e
B72: July | C72: 81.7 | D72: e | E72: 1.6 | F72: e | G72: 0.5 | H72: e
B73: August | C73: 81.8 | D73: e | E73: 1.6 | F73: e | G73: 0.1 | H73: e
B74: September | C74: 81.9 | D74: e | E74: 2 | F74: e | G74: 0.1 | H74: e
B75: October | C75: 81.9 | D75: e | E75: 1.9 | F75: e | G75: -
B76: November | C76: 81.7 | D76: e | E76: 1.7 | F76: e | G76: -0.2 | H76: e
B77: December | C77: 82.3 | D77: e | E77: 1.4 | F77: e | G77: 0.7 | H77: e
A78: 2006 | B78: January | C78: 82 | D78: e | E78: 1.7 | F78: e | G78: -0.4 | H78: e
B79: February | C79: 82.4 | D79: e | E79: 1.9 | F79: e | G79: 0.5 | H79: e
B80: March | C80: 82.4 | D80: e | E80: 1.4 | F80: e | G80: -
B81: April | C81: 82.7 | D81: e | E81: 2.1 | F81: e | G81: 0.4 | H81: e
B82: May | C82: 82.7 | D82: e | E82: 1.8 | F82: e | G82: -
B83: June | C83: 82.9 | D83: e | E83: 2 | F83: e | G83: 0.2 | H83: e
B84: July | C84: 83.2 | D84: e | E84: 1.8 | F84: e | G84: 0.4 | H84: e
B85: August | C85: 83 | D85: e | E85: 1.5 | F85: e | G85: -0.2 | H85: e
B86: September | C86: 82.7 | D86: e | E86: 1 | F86: e | G86: -0.4 | H86: e
B87: October | C87: 82.8 | D87: e | E87: 1.1 | F87: e | G87: 0.1 | H87: e
B88: November | C88: 82.8 | D88: e | E88: 1.3 | F88: e | G88: -
B89: December | C89: 83.5 | D89: e | E89: 1.5 | F89: e | G89: 0.8 | H89: e
A90: 2007 | B90: January | C90: 83.5 | D90: e | E90: 1.8 | F90: e | G90: -
B91: February | C91: 83.8 | D91: e | E91: 1.7 | F91: e | G91: 0.4 | H91: e
B92: March | C92: 84 | D92: e | E92: 1.9 | F92: e | G92: 0.2 | H92: e
B93: April | C93: 84.4 | D93: e | E93: 2.1 | F93: e | G93: 0.5 | H93: e
B94: May | C94: 84.4 | D94: e | E94: 2.1 | F94: e | G94: -
B95: June | C95: 84.5 | D95: e | E95: 1.9 | F95: e | G95: 0.1 | H95: e
B96: July | C96: 84.9 | D96: e | E96: 2 | F96: e | G96: 0.5 | H96: e
B97: August | C97: 84.8 | D97: e | E97: 2.2 | F97: e | G97: -0.1 | H97: e
B98: September | C98: 84.9 | D98: e | E98: 2.7 | F98: e | G98: 0.1 | H98: e
B99: October | C99: 85.1 | D99: e | E99: 2.8 | F99: e | G99: 0.2 | H99: e
B100: November | C100: 85.6 | D100: e | E100: 3.4 | F100: e | G100: 0.6 | H100: e
...

Sheet Daten
A1: Jahr | B1: Monat | C1: Inflation
A2: 2000 | B2: 1 | C2: ='61111-0002'!E6 -> 1.6
A3: 2000 | B3: 2 | C3: ='61111-0002'!E7 -> 1.5
A4: 2000 | B4: 3 | C4: ='61111-0002'!E8 -> 1.5
A5: 2000 | B5: 4 | C5: ='61111-0002'!E9 -> 0.9
A6: 2000 | B6: 5 | C6: ='61111-0002'!E10 -> 0.9
A7: 2000 | B7: 6 | C7: ='61111-0002'!E11 -> 1.2
A8: 2000 | B8: 7 | C8: ='61111-0002'!E12 -> 1.3
A9: 2000 | B9: 8 | C9: ='61111-0002'!E13 -> 1.1
A10: 2000 | B10: 9 | C10: ='61111-0002'!E14 -> 1.6
A11: 2000 | B11: 10 | C11: ='61111-0002'!E15 -> 1.6
A12: 2000 | B12: 11 | C12: ='61111-0002'!E16 -> 1.5
A13: 2000 | B13: 12 | C13: ='61111-0002'!E17 -> 2
... A312: 2025 | B312: 11 | C312: ='61111-0002'!E316 -> 2.3
